date,type
2024/02/01,pass
2024/02/02,wut_fail
2024/02/02,pass
2024/02/02,pass
2024/02/02,wut_fail
2024/02/02,pass
2024/02/02,wut_fail
2024/02/05,wut_fail
2024/02/05,build_fail
2024/02/05,pass
2024/02/05,pass
2024/02/06,pass
2024/02/06,pass
2024/02/06,pass
2024/02/06,pass
2024/02/06,pass
2024/02/06,pass
2024/02/06,pass
2024/02/07,wut_fail
2024/02/07,pass
2024/02/07,wut_fail
2024/02/07,wut_fail
2024/02/07,pass
2024/02/07,pass
2024/02/07,pass
2024/02/07,pass
2024/02/07,wut_fail
2024/02/07,pass
2024/02/08,pass
2024/02/08,pass
2024/02/08,build_fail
2024/02/08,pass
2024/02/08,build_fail
2024/02/08,wut_fail
2024/02/08,wut_fail
2024/02/09,pass
2024/02/09,build_fail
2024/02/09,pass
2024/02/09,wut_fail
2024/02/09,pass
2024/02/09,pass
2024/02/09,pass
2024/02/09,pass
2024/02/09,pass
2024/02/12,pass
2024/02/12,pass
2024/02/12,pass
2024/02/12,wut_fail
2024/02/12,pass
2024/02/12,wut_fail
2024/02/12,pass
2024/02/12,wut_fail
2024/02/13,pass
2024/02/13,build_fail
2024/02/13,pass
2024/02/13,pass
2024/02/14,pass
2024/02/14,pass
2024/02/15,wut_fail
2024/02/15,wut_fail
2024/02/15,pass
2024/02/15,pass
2024/02/15,pass
2024/02/15,pass
2024/02/15,pass
2024/02/15,build_fail
2024/02/15,pass
2024/02/16,pass
2024/02/19,pass
2024/02/19,pass
2024/02/19,pass
2024/02/19,pass
2024/02/19,pass
2024/02/19,build_fail
2024/02/20,pass
2024/02/20,pass
2024/02/20,pass
2024/02/20,pass
2024/02/21,pass
2024/02/21,pass
2024/02/21,pass
2024/02/21,build_fail
2024/02/21,pass
2024/02/21,pass
2024/02/21,wut_fail
2024/02/21,wut_fail
2024/02/22,wut_fail
2024/02/22,pass
2024/02/22,pass
2024/02/22,pass
2024/02/22,pass
2024/02/23,wut_fail
2024/02/23,pass
2024/02/23,pass
2024/02/23,pass
2024/02/23,pass
2024/02/23,pass
2024/02/23,pass
2024/02/23,pass
2024/02/23,pass
2024/02/23,pass
2024/02/26,pass
2024/02/26,build_fail
2024/02/26,pass
2024/02/26,pass
2024/02/26,wut_fail
2024/02/26,pass
2024/02/26,pass
2024/02/26,pass
2024/02/26,pass
2024/02/26,pass
2024/02/27,pass
2024/02/27,pass
2024/02/27,pass
2024/02/27,build_fail
2024/02/27,pass
2024/02/27,pass
2024/02/27,pass
2024/02/28,pass
2024/02/28,build_fail
2024/02/28,wut_fail
2024/02/28,pass
2024/02/28,pass
2024/02/28,pass
2024/02/29,build_fail
2024/02/29,pass
2024/02/29,pass
2024/02/29,pass
2024/02/29,pass
2024/02/29,pass
2024/02/29,pass
2024/02/29,wut_fail
2024/02/29,pass
2024/03/01,pass
2024/03/01,pass
2024/03/01,build_fail
2024/03/01,build_fail
2024/03/01,pass
2024/03/01,pass
2024/03/01,pass
2024/03/01,pass
2024/03/01,wut_fail
2024/03/04,pass
2024/03/04,wut_fail
2024/03/04,pass
2024/03/04,pass
2024/03/04,pass
2024/03/04,pass
2024/03/04,pass
2024/03/04,pass
2024/03/05,wut_fail
2024/03/05,pass
2024/03/05,pass
2024/03/05,pass
2024/03/05,pass
2024/03/06,wut_fail
2024/03/06,pass
2024/03/06,pass
2024/03/07,pass
2024/03/07,wut_fail
2024/03/07,pass
2024/03/07,pass
2024/03/07,pass
2024/03/07,build_fail
2024/03/07,pass
2024/03/07,pass
2024/03/08,pass
2024/03/08,wut_fail
2024/03/08,pass
2024/03/08,pass
2024/03/08,pass
2024/03/08,pass
2024/03/08,pass
2024/03/08,pass
2024/03/08,pass
2024/03/08,pass
2024/03/11,pass
2024/03/11,pass
2024/03/11,pass
2024/03/11,pass
2024/03/11,wut_fail
2024/03/11,build_fail
2024/03/11,pass
2024/03/12,pass
2024/03/12,wut_fail
2024/03/12,pass
2024/03/12,wut_fail
2024/03/12,pass
2024/03/12,pass
2024/03/12,build_fail
2024/03/12,pass
2024/03/13,wut_fail
2024/03/13,pass
2024/03/13,pass
2024/03/13,pass
2024/03/13,pass
2024/03/13,pass
2024/03/13,pass
2024/03/13,wut_fail
2024/03/14,pass
2024/03/14,pass
2024/03/14,pass
2024/03/14,wut_fail
2024/03/14,pass
2024/03/14,wut_fail
2024/03/15,pass
2024/03/15,wut_fail
2024/03/15,wut_fail
2024/03/15,pass
2024/03/15,wut_fail
2024/03/15,pass
2024/03/15,wut_fail
2024/03/18,wut_fail
2024/03/18,pass
2024/03/19,pass
2024/03/19,pass
2024/03/20,pass
2024/03/21,pass
2024/03/21,wut_fail
2024/03/21,pass
2024/03/21,pass
2024/03/21,pass
2024/03/21,pass
2024/03/21,pass
2024/03/21,pass
2024/03/21,pass
2024/03/21,build_fail
2024/03/22,pass
2024/03/22,build_fail
2024/03/22,pass
2024/03/22,build_fail
2024/03/25,pass
2024/03/25,pass
2024/03/25,pass
2024/03/25,wut_fail
2024/03/25,pass
2024/03/25,wut_fail
2024/03/25,build_fail
2024/03/26,pass
2024/03/26,pass
2024/03/26,pass
2024/03/26,pass
2024/03/26,pass
2024/03/27,wut_fail
2024/03/28,pass
2024/03/28,pass
2024/03/28,pass
2024/03/28,pass
2024/03/28,pass
2024/03/28,wut_fail
2024/03/28,pass
2024/03/28,pass
2024/03/28,pass
2024/03/28,pass
2024/03/29,pass
2024/03/29,build_fail
2024/03/29,pass
2024/03/29,pass
2024/03/29,pass
2024/03/29,pass
2024/04/01,wut_fail
2024/04/01,pass
2024/04/01,pass
2024/04/01,pass
2024/04/01,pass
2024/04/01,pass
2024/04/01,pass
2024/04/01,pass
2024/04/02,pass
2024/04/02,pass
2024/04/02,wut_fail
2024/04/02,pass
2024/04/02,pass
2024/04/02,pass
2024/04/02,pass
2024/04/03,pass
2024/04/03,pass
2024/04/03,pass
2024/04/04,wut_fail
2024/04/04,pass
2024/04/04,pass
2024/04/04,build_fail
2024/04/05,pass
2024/04/05,build_fail
2024/04/05,build_fail
2024/04/05,pass
2024/04/05,wut_fail
2024/04/05,pass
2024/04/05,pass
2024/04/05,build_fail
2024/04/08,pass
2024/04/08,pass
2024/04/08,pass
2024/04/08,wut_fail
2024/04/08,pass
2024/04/08,pass
2024/04/08,pass
2024/04/08,pass
2024/04/08,pass
2024/04/08,build_fail
2024/04/09,pass
2024/04/09,pass
2024/04/09,pass
2024/04/09,build_fail
2024/04/10,pass
2024/04/10,pass
2024/04/10,pass
2024/04/10,build_fail
2024/04/10,pass
2024/04/10,wut_fail
2024/04/10,wut_fail
2024/04/11,pass
2024/04/11,pass
2024/04/11,build_fail
2024/04/11,build_fail
2024/04/11,pass
2024/04/11,wut_fail
2024/04/11,pass
2024/04/11,pass
2024/04/11,pass
2024/04/11,pass
2024/04/12,pass
2024/04/12,pass
2024/04/12,wut_fail
2024/04/12,wut_fail
2024/04/12,pass
2024/04/12,pass
2024/04/15,pass
2024/04/15,pass
2024/04/15,wut_fail
2024/04/15,pass
2024/04/15,pass
2024/04/15,wut_fail
2024/04/16,pass
2024/04/16,pass
2024/04/16,wut_fail
2024/04/16,pass
2024/04/16,wut_fail
2024/04/16,pass
2024/04/16,wut_fail
2024/04/17,wut_fail
2024/04/17,pass
2024/04/17,pass
2024/04/17,pass
2024/04/18,pass
2024/04/18,wut_fail
2024/04/18,pass
2024/04/18,wut_fail
2024/04/18,pass
2024/04/18,wut_fail
2024/04/19,pass
2024/04/19,wut_fail
2024/04/19,pass
2024/04/19,pass
2024/04/19,wut_fail
2024/04/19,wut_fail
2024/04/19,wut_fail
2024/04/22,wut_fail
2024/04/22,wut_fail
2024/04/22,pass
2024/04/22,pass
2024/04/22,pass
2024/04/23,pass
2024/04/23,pass
2024/04/23,pass
2024/04/23,pass
2024/04/23,pass
2024/04/24,pass
2024/04/24,pass
2024/04/25,wut_fail
2024/04/25,pass
2024/04/25,wut_fail
2024/04/25,wut_fail
2024/04/25,pass
2024/04/25,pass
2024/04/25,wut_fail
2024/04/25,wut_fail
2024/04/26,pass
2024/04/26,build_fail
2024/04/26,pass
2024/04/26,pass
2024/04/26,wut_fail
2024/04/26,pass
2024/04/29,pass
2024/04/29,wut_fail
2024/04/30,pass
2024/04/30,pass
2024/05/01,pass
2024/05/01,wut_fail
2024/05/01,pass
2024/05/01,pass
2024/05/01,pass
2024/05/01,pass
2024/05/01,build_fail
2024/05/01,pass
2024/05/01,pass
2024/05/01,pass
2024/05/02,build_fail
2024/05/02,pass
2024/05/03,pass
2024/05/03,pass
2024/05/03,wut_fail
2024/05/03,build_fail
2024/05/03,pass
2024/05/06,pass
2024/05/06,pass
2024/05/06,pass
2024/05/06,pass
2024/05/06,pass
2024/05/07,build_fail
2024/05/07,pass
2024/05/07,pass
2024/05/08,pass
2024/05/08,pass
2024/05/08,pass
2024/05/08,pass
2024/05/09,pass
2024/05/09,pass
2024/05/09,pass
2024/05/09,wut_fail
2024/05/09,pass
2024/05/10,build_fail
2024/05/10,pass
2024/05/10,pass
2024/05/13,pass
2024/05/13,wut_fail
2024/05/13,pass
2024/05/14,pass
2024/05/15,pass
2024/05/15,pass
2024/05/15,wut_fail
2024/05/15,wut_fail
2024/05/15,pass
2024/05/15,pass
2024/05/15,pass
2024/05/15,pass
2024/05/16,pass
2024/05/16,pass
2024/05/16,pass
2024/05/16,pass
2024/05/16,pass
2024/05/16,wut_fail
2024/05/16,wut_fail
2024/05/16,pass
2024/05/16,pass
2024/05/17,build_fail
2024/05/20,build_fail
2024/05/20,build_fail
2024/05/20,wut_fail
2024/05/20,pass
2024/05/20,pass
2024/05/21,pass
2024/05/21,pass
2024/05/21,pass
2024/05/21,build_fail
2024/05/21,pass
2024/05/21,pass
2024/05/21,pass
2024/05/22,build_fail
2024/05/22,pass
2024/05/22,pass
2024/05/22,pass
2024/05/22,pass
2024/05/22,pass
2024/05/22,pass
2024/05/22,build_fail
2024/05/23,build_fail
2024/05/23,pass
2024/05/23,pass
2024/05/23,pass
2024/05/23,pass
2024/05/23,pass
2024/05/23,pass
2024/05/24,build_fail
2024/05/24,pass
2024/05/27,pass
2024/05/27,wut_fail
2024/05/27,pass
2024/05/27,pass
2024/05/27,wut_fail
2024/05/27,pass
2024/05/28,pass
2024/05/28,wut_fail
2024/05/28,wut_fail
2024/05/28,pass
2024/05/28,build_fail
2024/05/28,pass
2024/05/28,pass
2024/05/28,pass
2024/05/29,pass
2024/05/29,pass
2024/05/29,pass
2024/05/29,pass
2024/05/29,build_fail
2024/05/29,pass
2024/05/29,pass
2024/05/29,pass
2024/05/29,pass
2024/05/30,wut_fail
2024/05/30,wut_fail
2024/05/30,wut_fail
2024/05/30,pass
2024/05/30,pass
2024/05/30,pass
2024/05/30,wut_fail
2024/05/30,pass
2024/05/30,pass
2024/05/30,wut_fail
2024/05/31,wut_fail
2024/05/31,wut_fail
2024/05/31,pass
2024/05/31,pass
2024/05/31,pass
2024/05/31,pass
2024/05/31,pass
2024/05/31,pass
2024/05/31,pass
2024/06/03,wut_fail
2024/06/03,pass
2024/06/03,wut_fail
2024/06/03,build_fail
2024/06/03,pass
2024/06/03,build_fail
2024/06/03,pass
2024/06/03,pass
2024/06/03,pass
2024/06/04,pass
2024/06/04,pass
2024/06/04,wut_fail
2024/06/04,pass
2024/06/05,wut_fail
2024/06/05,pass
2024/06/06,wut_fail
2024/06/06,pass
2024/06/06,pass
2024/06/06,pass
2024/06/06,wut_fail
2024/06/07,pass
2024/06/07,wut_fail
2024/06/07,pass
2024/06/07,pass
2024/06/07,pass
2024/06/07,build_fail
2024/06/07,build_fail
2024/06/07,wut_fail
2024/06/10,wut_fail
2024/06/10,pass
2024/06/10,pass
2024/06/10,pass
2024/06/10,pass
2024/06/11,pass
2024/06/11,pass
2024/06/11,pass
2024/06/11,wut_fail
2024/06/11,pass
2024/06/11,pass
2024/06/11,build_fail
2024/06/11,pass
2024/06/11,wut_fail
2024/06/12,pass
2024/06/13,pass
2024/06/14,wut_fail
2024/06/17,wut_fail
2024/06/17,pass
2024/06/18,wut_fail
2024/06/18,pass
2024/06/18,wut_fail
2024/06/18,pass
2024/06/18,pass
2024/06/19,pass
2024/06/20,pass
2024/06/21,wut_fail
2024/06/21,wut_fail
2024/06/21,build_fail
2024/06/21,pass
2024/06/24,pass
2024/06/24,pass
2024/06/24,build_fail
2024/06/24,pass
2024/06/24,pass
2024/06/24,build_fail
2024/06/24,pass
2024/06/24,pass
2024/06/24,pass
2024/06/24,pass
2024/06/25,pass
2024/06/26,wut_fail
2024/06/26,pass
2024/06/26,pass
2024/06/26,pass
2024/06/26,build_fail
2024/06/26,wut_fail
2024/06/26,wut_fail
2024/06/27,pass
2024/06/27,build_fail
2024/06/27,pass
2024/06/28,pass
2024/06/28,pass
2024/06/28,build_fail
2024/06/28,build_fail
2024/06/28,wut_fail
2024/06/28,pass
2024/06/28,build_fail
2024/06/28,wut_fail
2024/06/28,wut_fail
2024/07/01,build_fail
2024/07/01,pass
2024/07/01,build_fail
2024/07/01,pass
2024/07/02,pass
2024/07/02,wut_fail
2024/07/02,pass
2024/07/02,pass
2024/07/02,pass
2024/07/02,pass
2024/07/02,pass
2024/07/02,pass
2024/07/03,pass
2024/07/03,wut_fail
2024/07/04,pass
2024/07/05,pass
2024/07/05,pass
2024/07/05,wut_fail
2024/07/05,pass
2024/07/05,build_fail
2024/07/05,pass
2024/07/08,pass
2024/07/08,build_fail
2024/07/09,pass
2024/07/10,pass
2024/07/10,pass
2024/07/10,wut_fail
2024/07/10,pass
2024/07/10,pass
2024/07/10,pass
2024/07/11,wut_fail
2024/07/11,pass
2024/07/11,pass
2024/07/11,build_fail
2024/07/11,pass
2024/07/12,pass
2024/07/12,pass
2024/07/12,pass
2024/07/12,pass
2024/07/12,pass
2024/07/12,pass
2024/07/12,pass
2024/07/15,wut_fail
2024/07/15,pass
2024/07/15,pass
2024/07/15,pass
2024/07/15,wut_fail
2024/07/15,build_fail
2024/07/15,pass
2024/07/15,pass
2024/07/16,pass
2024/07/16,wut_fail
2024/07/16,pass
2024/07/17,pass
2024/07/17,pass
2024/07/18,build_fail
2024/07/18,wut_fail
2024/07/19,build_fail
2024/07/22,pass
2024/07/22,pass
2024/07/22,pass
2024/07/22,pass
2024/07/22,wut_fail
2024/07/22,pass
2024/07/22,pass
2024/07/23,pass
2024/07/23,pass
2024/07/24,pass
2024/07/24,pass
2024/07/24,pass
2024/07/24,wut_fail
2024/07/24,pass
2024/07/25,pass
2024/07/25,pass
2024/07/25,wut_fail
2024/07/25,pass
2024/07/25,pass
2024/07/25,build_fail
2024/07/25,pass
2024/07/25,pass
2024/07/26,pass
2024/07/26,pass
2024/07/26,pass
2024/07/29,pass
2024/07/29,pass
2024/07/29,pass
2024/07/29,pass
2024/07/29,pass
2024/07/29,pass
2024/07/30,build_fail
2024/07/30,pass
2024/07/30,pass
2024/07/30,pass
2024/07/30,build_fail
2024/07/30,pass
2024/07/30,build_fail
2024/07/30,wut_fail
2024/07/31,pass
2024/07/31,pass
2024/07/31,wut_fail
2024/07/31,pass
2024/07/31,pass
2024/07/31,pass
2024/07/31,pass
2024/07/31,pass
2024/08/01,pass
2024/08/01,wut_fail
2024/08/01,pass
2024/08/02,build_fail
2024/08/02,wut_fail
2024/08/02,pass
2024/08/02,pass
2024/08/02,wut_fail
2024/08/02,pass
2024/08/02,pass
2024/08/02,wut_fail
2024/08/05,pass
2024/08/06,pass
2024/08/06,wut_fail
2024/08/06,pass
2024/08/06,wut_fail
2024/08/06,pass
2024/08/07,pass
2024/08/07,wut_fail
2024/08/08,pass
2024/08/08,pass
2024/08/08,wut_fail
2024/08/09,pass
2024/08/12,pass
2024/08/12,wut_fail
2024/08/12,pass
2024/08/12,wut_fail
2024/08/12,pass
2024/08/12,pass
2024/08/12,pass
2024/08/12,wut_fail
2024/08/12,pass
2024/08/13,build_fail
2024/08/13,build_fail
2024/08/13,wut_fail
2024/08/13,wut_fail
2024/08/13,build_fail
2024/08/14,wut_fail
2024/08/14,pass
2024/08/14,pass
2024/08/14,build_fail
2024/08/14,wut_fail
2024/08/14,pass
2024/08/14,build_fail
2024/08/14,wut_fail
2024/08/14,wut_fail
2024/08/15,pass
2024/08/15,wut_fail
2024/08/15,pass
2024/08/15,pass
2024/08/15,pass
2024/08/15,pass
2024/08/15,pass
2024/08/15,pass
2024/08/15,pass
2024/08/15,pass
2024/08/16,pass
2024/08/16,pass
2024/08/16,pass
2024/08/16,wut_fail
2024/08/16,wut_fail
2024/08/16,pass
2024/08/16,wut_fail
2024/08/16,pass
2024/08/16,pass
2024/08/19,pass
2024/08/19,pass
2024/08/19,pass
2024/08/19,pass
2024/08/19,pass
2024/08/20,pass
2024/08/20,pass
2024/08/20,pass
2024/08/20,pass
2024/08/20,pass
2024/08/20,build_fail
2024/08/20,build_fail
2024/08/20,pass
2024/08/20,pass
2024/08/21,pass
2024/08/21,pass
2024/08/21,wut_fail
2024/08/21,wut_fail
2024/08/21,pass
2024/08/22,build_fail
2024/08/22,pass
2024/08/23,wut_fail
2024/08/23,wut_fail
2024/08/23,pass
2024/08/23,pass
2024/08/23,pass
2024/08/23,pass
2024/08/23,wut_fail
2024/08/23,pass
2024/08/26,pass
2024/08/26,pass
2024/08/26,pass
2024/08/26,wut_fail
2024/08/26,pass
2024/08/26,wut_fail
2024/08/26,wut_fail
2024/08/26,pass
2024/08/26,wut_fail
2024/08/26,build_fail
2024/08/27,wut_fail
2024/08/27,build_fail
2024/08/27,pass
2024/08/27,pass
2024/08/27,pass
2024/08/27,pass
2024/08/27,pass
2024/08/27,pass
2024/08/27,pass
2024/08/27,build_fail
2024/08/28,wut_fail
2024/08/28,pass
2024/08/28,pass
2024/08/29,wut_fail
2024/08/29,pass
2024/08/30,build_fail
2024/08/30,build_fail
2024/08/30,pass
2024/08/30,pass
2024/08/30,build_fail
2024/08/30,pass
2024/08/30,pass
2024/08/30,pass
2024/09/02,wut_fail
2024/09/02,wut_fail
2024/09/02,pass
2024/09/02,build_fail
2024/09/02,pass
2024/09/03,pass
2024/09/03,wut_fail
2024/09/03,pass
2024/09/03,pass
2024/09/03,pass
2024/09/03,pass
2024/09/03,pass
2024/09/03,wut_fail
2024/09/03,pass
2024/09/04,wut_fail
2024/09/04,pass
2024/09/04,pass
2024/09/05,pass
2024/09/05,pass
2024/09/05,pass
2024/09/05,pass
2024/09/05,wut_fail
2024/09/05,wut_fail
2024/09/05,build_fail
2024/09/05,pass
2024/09/05,pass
2024/09/06,pass
2024/09/06,pass
2024/09/06,build_fail
2024/09/06,pass
2024/09/06,pass
2024/09/06,pass
2024/09/06,pass
2024/09/06,build_fail
2024/09/06,pass
2024/09/06,pass
2024/09/09,build_fail
2024/09/09,pass
2024/09/09,pass
2024/09/09,pass
2024/09/09,pass
2024/09/09,pass
2024/09/10,wut_fail
2024/09/10,pass
2024/09/10,pass
2024/09/10,pass
2024/09/10,wut_fail
2024/09/10,pass
2024/09/10,pass
2024/09/10,pass
2024/09/11,pass
2024/09/11,pass
2024/09/11,pass
2024/09/12,pass
2024/09/13,pass
2024/09/13,pass
2024/09/16,pass
2024/09/16,pass
2024/09/16,pass
2024/09/16,pass
2024/09/17,wut_fail
2024/09/18,pass
2024/09/18,pass
2024/09/19,pass
2024/09/19,pass
2024/09/19,wut_fail
2024/09/19,pass
2024/09/19,pass
2024/09/19,pass
2024/09/19,pass
2024/09/19,pass
2024/09/20,pass
2024/09/20,build_fail
2024/09/20,pass
2024/09/20,pass
2024/09/20,pass
2024/09/23,pass
2024/09/23,pass
2024/09/23,build_fail
2024/09/23,pass
2024/09/24,build_fail
2024/09/24,pass
2024/09/24,wut_fail
2024/09/24,build_fail
2024/09/24,build_fail
2024/09/24,pass
2024/09/24,build_fail
2024/09/24,wut_fail
2024/09/24,pass
2024/09/25,wut_fail
2024/09/25,pass
2024/09/25,pass
2024/09/25,pass
2024/09/25,pass
2024/09/26,build_fail
2024/09/26,build_fail
2024/09/26,pass
2024/09/26,pass
2024/09/26,pass
2024/09/27,wut_fail
2024/09/27,pass
2024/09/27,build_fail
2024/09/27,pass
2024/09/27,pass
2024/09/30,pass
2024/09/30,pass
2024/09/30,pass
2024/10/01,pass
2024/10/01,pass
2024/10/01,pass
2024/10/01,pass
2024/10/01,pass
2024/10/01,pass
2024/10/01,pass
2024/10/01,pass
2024/10/01,wut_fail
2024/10/01,pass
2024/10/02,wut_fail
2024/10/02,build_fail
2024/10/02,wut_fail
2024/10/02,pass
2024/10/03,pass
2024/10/03,pass
2024/10/03,pass
2024/10/03,pass
2024/10/03,pass
2024/10/03,build_fail
2024/10/03,pass
2024/10/03,pass
2024/10/03,pass
2024/10/03,build_fail
2024/10/04,build_fail
2024/10/04,build_fail
2024/10/04,pass
2024/10/04,wut_fail
2024/10/04,pass
2024/10/07,pass
2024/10/07,build_fail
2024/10/07,pass
2024/10/07,pass
2024/10/07,wut_fail
2024/10/07,pass
2024/10/07,pass
2024/10/07,pass
2024/10/08,build_fail
2024/10/08,build_fail
2024/10/08,wut_fail
2024/10/09,pass
2024/10/09,pass
2024/10/09,pass
2024/10/09,wut_fail
2024/10/09,pass
2024/10/09,pass
2024/10/09,pass
2024/10/09,wut_fail
2024/10/09,pass
2024/10/10,pass
2024/10/10,wut_fail
2024/10/11,pass
2024/10/11,pass
2024/10/11,pass
2024/10/14,pass
2024/10/14,pass
2024/10/14,pass
2024/10/14,wut_fail
2024/10/14,pass
2024/10/14,wut_fail
2024/10/14,pass
2024/10/14,pass
2024/10/15,wut_fail
2024/10/15,build_fail
2024/10/15,pass
2024/10/15,pass
2024/10/15,pass
2024/10/16,pass
2024/10/16,wut_fail
2024/10/16,pass
2024/10/16,pass
2024/10/16,pass
2024/10/16,pass
2024/10/16,pass
2024/10/16,pass
2024/10/16,pass
2024/10/17,pass
2024/10/17,wut_fail
2024/10/17,build_fail
2024/10/17,pass
2024/10/17,pass
2024/10/17,build_fail
2024/10/17,pass
2024/10/17,pass
2024/10/17,pass
2024/10/17,wut_fail
2024/10/18,pass
2024/10/18,pass
2024/10/18,pass
2024/10/18,pass
2024/10/18,pass
2024/10/18,pass
2024/10/21,pass
2024/10/21,pass
2024/10/21,pass
2024/10/21,build_fail
2024/10/22,pass
2024/10/22,pass
2024/10/22,pass
2024/10/22,pass
2024/10/22,pass
2024/10/23,pass
2024/10/23,wut_fail
2024/10/23,pass
2024/10/23,wut_fail
2024/10/23,pass
2024/10/23,pass
2024/10/23,pass
2024/10/23,wut_fail
2024/10/23,build_fail
2024/10/23,wut_fail
2024/10/24,pass
2024/10/24,pass
2024/10/24,pass
2024/10/24,pass
2024/10/24,pass
2024/10/24,wut_fail
2024/10/24,build_fail
2024/10/24,pass
2024/10/25,pass
2024/10/25,pass
2024/10/25,pass
2024/10/28,build_fail
2024/10/28,pass
2024/10/29,wut_fail
2024/10/29,pass
2024/10/29,pass
2024/10/29,pass
2024/10/29,pass
2024/10/29,pass
2024/10/30,wut_fail
2024/10/30,pass
2024/10/30,pass
2024/10/31,wut_fail
2024/10/31,pass
2024/10/31,pass
2024/10/31,pass
2024/10/31,wut_fail
2024/10/31,wut_fail
2024/10/31,pass
2024/10/31,pass
2024/10/31,pass
2024/10/31,pass
2024/11/01,build_fail
2024/11/01,pass
2024/11/01,pass
2024/11/01,pass
2024/11/01,pass
2024/11/01,pass
2024/11/01,pass
2024/11/01,pass
2024/11/01,pass
2024/11/01,pass
2024/11/04,wut_fail
2024/11/04,pass
2024/11/04,pass
2024/11/04,wut_fail
2024/11/04,wut_fail
2024/11/05,wut_fail
2024/11/05,wut_fail
2024/11/05,pass
2024/11/05,pass
2024/11/06,build_fail
2024/11/06,pass
2024/11/06,pass
2024/11/06,wut_fail
2024/11/06,pass
2024/11/06,pass
2024/11/06,pass
2024/11/06,pass
2024/11/06,pass
2024/11/06,pass
2024/11/07,wut_fail
2024/11/07,pass
2024/11/07,wut_fail
2024/11/07,pass
2024/11/08,wut_fail
2024/11/08,build_fail
2024/11/08,pass
2024/11/08,pass
2024/11/08,pass
2024/11/08,pass
2024/11/08,wut_fail
2024/11/11,wut_fail
2024/11/11,build_fail
2024/11/11,pass
2024/11/11,pass
2024/11/11,pass
2024/11/11,wut_fail
2024/11/11,pass
2024/11/11,wut_fail
2024/11/11,pass
2024/11/11,build_fail
2024/11/12,pass
2024/11/12,pass
2024/11/12,wut_fail
2024/11/12,pass
2024/11/12,pass
2024/11/12,pass
2024/11/12,pass
2024/11/12,pass
2024/11/12,pass
2024/11/13,pass
2024/11/13,wut_fail
2024/11/13,pass
2024/11/13,wut_fail
2024/11/13,pass
2024/11/13,pass
2024/11/14,pass
2024/11/14,wut_fail
2024/11/14,pass
2024/11/14,wut_fail
2024/11/14,pass
2024/11/14,pass
2024/11/14,pass
2024/11/14,pass
2024/11/14,pass
2024/11/14,pass
2024/11/15,pass
2024/11/15,pass
2024/11/18,pass
2024/11/18,wut_fail
2024/11/18,pass
2024/11/18,pass
2024/11/18,wut_fail
2024/11/19,pass
2024/11/19,pass
2024/11/19,pass
2024/11/19,pass
2024/11/19,wut_fail
2024/11/20,pass
2024/11/20,wut_fail
2024/11/20,pass
2024/11/20,pass
2024/11/20,pass
2024/11/20,wut_fail
2024/11/20,pass
2024/11/20,pass
2024/11/20,pass
2024/11/20,pass
2024/11/21,pass
2024/11/21,wut_fail
2024/11/21,pass
2024/11/21,pass
2024/11/21,pass
2024/11/21,wut_fail
2024/11/21,pass
2024/11/21,pass
2024/11/21,build_fail
2024/11/21,build_fail
2024/11/22,pass
2024/11/22,pass
2024/11/22,pass
2024/11/22,pass
2024/11/22,pass
2024/11/22,pass
2024/11/22,build_fail
2024/11/22,pass
2024/11/22,pass
2024/11/22,pass
2024/11/25,pass
2024/11/25,pass
2024/11/25,pass
2024/11/25,wut_fail
2024/11/25,pass
2024/11/25,pass
2024/11/25,pass
2024/11/25,pass
2024/11/25,build_fail
2024/11/26,pass
2024/11/26,pass
2024/11/26,wut_fail
2024/11/26,pass
2024/11/26,build_fail
2024/11/26,pass
2024/11/26,pass
2024/11/27,pass
2024/11/27,pass
2024/11/27,pass
2024/11/27,wut_fail
2024/11/27,pass
2024/11/28,build_fail
2024/11/28,pass
2024/11/29,pass
2024/11/29,build_fail
